"Player ID","Player Name","Weight (kg)","Height (cm)","Position","Salary","Points","Total Rebounds","Assists","Steals","Blocks"
"375","Michael Porter Jr.","98.88","208.28","F","3122","12","12","2","2","0"
"177","Aaron Gordon","106.59","203.20","F","3018","15","7","5","2","1"
"246","Nikola Jokic","128.82","210.82","C","3419","29","13","11","1","1"
"81","Kentavious Caldwell-Pope","92.53","195.58","G","2306","20","2","1","3","1"
"335","Jamal Murray","97.52","193.04","G","4983","21","2","6","0","1"
"38017709","Christian Braun","99.79","198.12","G","3041","5","3","2","0","1"
"38017727","Collin Gillespie","88.45","185.42","G","2203","0","0","0","0","0"
"215","Justin Holiday","81.65","198.12","F-G","3085","0","0","0","0","0"
"236","Reggie Jackson","94.35","187.96","G","1985","8","3","1","1","0"
"250","DeAndre Jordan","120.20","210.82","C","2256","0","0","0","0","0"
"17896007","Braxton Key","102.06","203.20","G","2900","0","0","0","0","0"
"3547268","Zeke Nnaji","108.86","205.74","F-C","2746","4","0","1","0","0"
"56677582","Jalen Pickett","91.63","187.96","G","3404","2","0","0","0","0"
"56677776","Julian Strawther","92.99","198.12","G","2651","0","0","0","0","0"
"38017721","Peyton Watson","90.72","200.66","G","1505","3","0","0","0","1"
"666489","Vlatko Cancar","107.05","203.20","F","1804","0","0","0","0","0"
"17896103","Jay Huff","108.86","215.90","F-C","1338","0","0","0","0","0"
"56677871","Hunter Tyson","97.52","203.20","F","2425","0","0","0","0","0"
"383","Taurean Prince","98.88","198.12","F","3023","18","3","1","0","1"
"237","LeBron James","113.40","205.74","F","3831","21","8","5","1","0"
"117","Anthony Davis","114.76","208.28","F-C","3108","17","8","4","0","2"
"17553995","Austin Reaves","89.36","195.58","G","3668","14","8","4","2","0"
"405","D'Angelo Russell","87.54","190.50","G","1246","11","4","7","1","0"
"38017697","Max Christie","86.18","195.58","G","3722","0","0","0","0","0"
"666609","Rui Hachimura","104.33","203.20","F","2876","6","3","0","0","0"
"666626","Jaxson Hayes","99.79","213.36","C","3732","0","1","0","0","0"
"56677836","Maxwell Lewis","88.45","200.66","F","3908","0","0","0","0","0"
"666860","Cameron Reddish","98.43","200.66","F-G","1780","7","4","0","0","1"
"1603383","Gabe Vincent","90.72","187.96","G","3164","6","1","2","1","0"
"486","Christian Wood","97.07","203.20","F","2847","7","4","0","0","0"
"56677738","Colin Castleton","113.40","208.28","C","3891","0","0","0","0","0"
"56677867","Alex Fudge","90.72","203.20","F","3289","0","0","0","0","0"
"56677868","D'Moi Hodge","85.28","190.50","G","3076","0","0","0","0","0"
"56677835","Jalen Hood-Schifino","97.52","195.58","G","2760","0","0","0","0","0"
"457","Jarred Vanderbilt","97.07","203.20","F","1437","0","0","0","0","0"
"443","Klay Thompson","99.79","198.12","G","3790","15","7","3","0","1"
"475","Andrew Wiggins","89.36","200.66","F-G","3421","10","1","0","0","1"
"282","Kevon Looney","100.70","205.74","F","1224","7","11","1","0","0"
"367","Chris Paul","79.38","182.88","G","2577","14","6","9","2","0"
"115","Stephen Curry","83.91","187.96","G","3103","27","5","1","1","0"
"56677799","Trayce Jackson-Davis","111.13","205.74","F","3649","0","0","0","0","0"
"251","Cory Joseph","90.72","190.50","G","2435","0","1","1","0","0"
"17553979","Jonathan Kuminga","102.06","200.66","F","2203","12","6","1","2","1"
"17553992","Moses Moody","95.71","195.58","G","1802","11","3","0","3","1"
"2189","Gary Payton II","88.45","187.96","","3523","1","2","2","3","0"
"56677858","Brandin Podziemski","92.99","193.04","G","2030","0","0","0","0","0"
"407","Dario Saric","102.06","208.28","F","3418","7","7","1","0","2"
"17896070","Usman Garuba","103.87","203.20","F","2173","0","0","0","0","0"
"185","Draymond Green","104.33","198.12","F","1267","0","0","0","0","0"
"45658838","Lester Quinones","94.35","193.04","G","2516","0","0","0","0","0"
"398","Jerome Robinson","86.18","195.58","G","2380","0","0","0","0","0"
"356","Josh Okogie","96.62","193.04","G","2809","17","5","1","1","0"
"140","Kevin Durant","108.86","210.82","F","3458","18","10","3","0","1"
"349","Jusuf Nurkic","131.54","213.36","C","1108","14","14","3","0","1"
"8","Grayson Allen","89.81","193.04","G","2845","0","4","2","0","0"
"57","Devin Booker","93.44","198.12","G","4214","32","6","8","1","0"
"3547095","Udoka Azubuike","122.47","210.82","C-F","2406","0","0","0","0","0"
"32","Keita Bates-Diop","103.87","203.20","F","3193","0","0","0","0","0"
"666451","Bol Bol","99.79","220.98","C","1116","0","0","0","0","0"
"147","Drew Eubanks","111.13","208.28","F","3712","4","8","2","0","3"
"18678058","Jordan Goodwin","90.72","193.04","","3669","2","4","3","1","0"
"178","Eric Gordon","97.52","190.50","G","3814","10","4","1","1","1"
"3547298","Saben Lee","83.01","187.96","G","2939","0","0","0","0","0"
"666729","Nassir Little","99.79","198.12","F","2872","3","1","0","1","0"
"314","Chimezie Metu","102.06","208.28","F","1003","0","0","0","0","0"
"470","Yuta Watanabe","97.52","205.74","G","3558","8","4","0","0","1"
"37","Bradley Beal","93.89","193.04","G","3765","0","0","0","0","0"
"272","Damion Lee","95.25","198.12","G","2074","0","0","0","0","0"
"666423","RJ Barrett","97.07","198.12","F-G","4354","24","3","2","1","0"
"387","Julius Randle","113.40","203.20","F","1671","14","11","7","2","0"
"399","Mitchell Robinson","108.86","213.36","C","2110","2","6","1","2","0"
"73","Jalen Brunson","86.18","187.96","G","3189","15","3","6","3","0"
"17895858","Quentin Grimes","95.25","195.58","G","1863","11","1","0","0","0"
"19","Ryan Arcidiacono","88.45","190.50","G","1600","0","0","0","0","0"
"131","Donte DiVincenzo","92.08","193.04","G","2523","0","3","2","0","0"
"160","Evan Fournier","92.99","198.12","G-F","1869","0","0","0","0","0"
"202","Josh Hart","97.52","193.04","G","3747","7","6","0","0","0"
"201","Isaiah Hartenstein","113.40","213.36","F-C","1635","7","8","2","0","0"
"666675","DaQuan Jeffries","100.70","195.58","F","2753","0","0","0","0","0"
"17896033","Miles McBride","88.45","185.42","G","2590","0","0","0","0","0"
"3547269","Immanuel Quickley","86.18","187.96","G","3743","24","6","4","1","0"
"17896063","Jericho Sims","113.40","208.28","F","1397","0","0","0","0","0"
"666971","Dylan Windler","88.90","200.66","G-F","1475","0","0","0","0","0"
"666474","Charles Brown","90.26","198.12","G","3650","0","0","0","0","0"
"56677795","Jacob Toppin","90.72","203.20","F","1929","0","0","0","0","0"
"17896089","Duane Washington Jr.","89.36","187.96","G","2963","0","0","0","0","0"
"70","Jaylen Brown","101.15","198.12","G","3435","11","6","5","1","0"
"434","Jayson Tatum","95.25","203.20","F","4250","34","11","4","2","1"
"378","Kristaps Porzingis","108.86","218.44","F-C","4148","30","8","0","0","4"
"214","Jrue Holiday","92.99","193.04","G","2664","9","4","2","0","3"
"473","Derrick White","86.18","193.04","G","2948","12","6","2","2","1"
"17896094","Dalano Banton","92.53","203.20","G","3975","0","0","0","0","0"
"666468","Oshae Brissett","95.25","200.66","F","3253","0","0","0","0","0"
"17896060","Sam Hauser","98.43","200.66","F","3069","0","2","0","1","1"
"219","Al Horford","108.86","205.74","C-F","2373","8","7","2","0","0"
"261","Luke Kornet","113.40","215.90","F-C","3273","0","1","2","0","1"
"338","Svi Mykhailiuk","92.99","200.66","G","3401","0","0","0","0","0"
"3547276","Payton Pritchard","88.45","185.42","G","2333","4","1","1","0","0"
"17553967","Neemias Queta","112.49","213.36","C","3115","0","0","0","0","0"
"3547279","Lamar Stevens","104.33","200.66","F","3972","0","0","0","0","0"
"38017707","JD Davison","88.45","185.42","G","2432","0","0","0","0","0"
"3547295","Nathan Knight","114.76","203.20","F-C","1938","0","0","0","0","0"
"17896026","Franz Wagner","99.79","208.28","F","3456","17","3","2","1","0"
"38017683","Paolo Banchero","113.40","208.28","F","2929","12","5","5","1","0"
"85","Wendell Carter Jr.","122.47","208.28","F","3515","8","8","1","2","0"
"17896073","Jalen Suggs","92.99","195.58","G","3801","8","4","0","0","0"
"165","Markelle Fultz","94.80","193.04","G","2780","10","4","2","3","0"
"3547251","Cole Anthony","83.91","187.96","G","1178","20","8","2","0","0"
"666442","Goga Bitadze","113.40","208.28","C","3143","7","3","0","0","0"
"56677827","Anthony Black","90.72","200.66","G","3942","5","0","1","0","2"
"196","Gary Harris","95.25","193.04","G","2353","11","6","0","0","1"
"38017724","Caleb Houstan","92.99","203.20","G","2077","3","1","0","0","0"
"56677839","Jett Howard","97.52","198.12","G","1152","0","0","1","1","0"
"226","Joe Ingles","99.79","205.74","F","1906","0","4","5","0","0"
"229","Jonathan Isaac","104.33","208.28","F","3017","11","4","0","0","1"
"666818","Chuma Okeke","103.87","200.66","F","1435","0","3","0","0","0"
"462","Moritz Wagner","111.13","210.82","C","3543","4","3","0","0","1"
"38017607","Kevon Harris","97.98","195.58","G","2540","0","0","0","0","0"
"17553983","Trevelin Queen","86.18","195.58","G","3294","0","0","0","0","0"
"666885","Admiral Schofield","109.32","195.58","F","1581","0","0","0","0","0"
"66","Dillon Brooks","102.06","198.12","G-F","2340","14","4","2","1","0"
"38017684","Jabari Smith Jr.","99.79","210.82","F","3278","7","5","1","1","0"
"17896062","Alperen Sengun","110.22","210.82","F-C","3326","14","8","6","0","0"
"17895966","Jalen Green","84.37","193.04","G","2154","10","1","0","1","1"
"458","Fred VanVleet","89.36","182.88","G","2680","14","1","5","1","0"
"75","Reggie Bullock","92.99","198.12","G-F","2937","3","1","0","1","1"
"188","Jeff Green","106.59","203.20","F","3984","4","3","1","0","0"
"213","Aaron Holiday","83.91","182.88","G","3479","0","0","0","0","0"
"19465326","Jock Landale","115.67","210.82","C","1468","3","0","2","0","0"
"296","Boban Marjanovic","131.54","223.52","C","3706","0","0","0","0","0"
"56677809","Jermaine Samuels Jr.","104.33","198.12","F","1414","0","0","0","0","0"
"3547301","Jae'Sean Tate","104.33","193.04","F","2901","5","2","0","1","1"
"56677825","Amen Thompson","90.72","200.66","G-F","3440","8","5","2","0","0"
"56677831","Cam Whitmore","104.33","200.66","F","1983","0","1","0","0","0"
"47738533","Jeenathan Williams","92.99","195.58","G","1132","4","0","0","0","0"
"38017695","Tari Eason","97.52","203.20","F","1224","0","0","0","0","0"
"3547281","Nate Hinton","95.25","195.58","G-F","2714","0","0","0","0","0"
"357","Victor Oladipo","96.62","190.50","G","1810","0","0","0","0","0"
"69","Bruce Brown","91.63","193.04","G","4742","24","3","1","1","0"
"3547243","Obi Toppin","99.79","205.74","F","3874","11","4","1","1","0"
"452","Myles Turner","113.40","210.82","C-F","3521","11","8","1","0","3"
"38017686","Bennedict Mathurin","95.25","195.58","G-F","2008","18","4","5","2","0"
"3547245","Tyrese Haliburton","83.91","195.58","G","1349","20","3","11","1","2"
"210","Buddy Hield","99.79","193.04","G","3089","14","2","5","1","1"
"17896035","Isaiah Jackson","92.99","205.74","F","1027","4","4","0","0","0"
"304","T.J. McConnell","86.18","185.42","G","2304","4","1","2","2","0"
"38017507","Andrew Nembhard","86.64","193.04","G-F","2809","12","4","10","0","0"
"3547250","Aaron Nesmith","97.52","198.12","G-F","2555","7","5","1","0","1"
"3547207","Jordan Nwora","102.06","203.20","F","1426","5","1","1","0","1"
"56677861","Ben Sheppard","86.18","198.12","G","3826","0","0","0","0","0"
"3547264","Jalen Smith","97.52","205.74","F-C","1329","13","8","0","1","0"
"439","Daniel Theis","111.13","203.20","F","3155","0","0","0","0","0"
"56677832","Jarace Walker","106.59","200.66","F","3158","0","4","0","1","0"
"38017701","Kendall Brown","92.99","200.66","G","1203","0","0","0","0","0"
"56677778","Oscar Tshiebwe","115.67","203.20","F-C","1715","0","0","0","0","0"
"56677794","Isaiah Wong","83.91","190.50","G","2161","0","0","0","0","0"
"265","Kyle Kuzma","100.24","205.74","F","4187","25","2","0","0","2"
"3547242","Deni Avdija","95.25","205.74","F","1239","9","7","5","1","0"
"666577","Daniel Gafford","106.14","208.28","F","3308","6","5","0","0","2"
"666848","Jordan Poole","88.00","193.04","G","1105","18","2","5","1","1"
"249","Tyus Jones","88.90","185.42","G","1074","16","3","6","1","1"
"38017704","Patrick Baldwin Jr.","99.79","205.74","F","2699","0","0","0","0","0"
"18677954","Jared Butler","87.54","190.50","G","2964","3","0","0","0","0"
"38124126","John Butler Jr.","86.18","213.36","F","1020","0","0","0","0","0"
"56677844","Bilal Coulibaly","88.45","203.20","G","2048","3","4","3","0","3"
"167","Danilo Gallinari","107.05","208.28","F","2530","16","3","0","0","0"
"17896045","Corey Kispert","101.60","198.12","F","1287","11","5","1","0","0"
"337","Mike Muscala","108.86","208.28","F-C","2591","0","3","0","0","0"
"17896106","Eugene Omoruyi","106.59","198.12","F","1617","4","2","1","0","0"
"38017712","Ryan Rollins","81.65","190.50","G","2638","1","3","1","0","0"
"487","Delon Wright","83.91","195.58","G","1624","8","6","6","3","0"
"38017687","Johnny Davis","88.45","193.04","G","2372","0","0","0","0","0"
"3547302","Anthony Gill","104.33","203.20","F","3023","0","0","0","0","0"
"414","Landry Shamet","86.18","193.04","G","2189","0","0","0","0","0"
"204","Gordon Hayward","102.06","200.66","F","2151","10","8","7","1","1"
"666950","P.J. Washington","104.33","200.66","F","4294","25","5","2","0","0"
"38017698","Mark Williams","108.86","213.36","C","3027","13","15","1","3","1"
"403","Terry Rozier","86.18","185.42","G","4323","24","5","6","0","0"
"3547239","LaMelo Ball","81.65","200.66","G","1407","15","6","10","1","0"
"56677848","Amari Bailey","83.91","190.50","G","2295","0","0","0","0","0"
"56677866","Leaky Black","94.80","198.12","F","1810","0","0","0","0","0"
"3547253","Theo Maledon","79.38","195.58","G","1484","4","3","4","0","0"
"56677823","Brandon Miller","90.72","200.66","F","2598","13","3","2","0","0"
"3547282","Nick Richards","111.13","213.36","C","2534","7","4","1","0","1"
"56677846","Nick Smith Jr.","83.91","187.96","G","1334","0","0","0","0","0"
"18678001","JT Thor","92.08","205.74","F","3481","5","2","1","0","0"
"17896037","James Bouknight","86.18","193.04","G","2297","0","0","0","0","0"
"62","Miles Bridges","102.06","200.66","F","1794","0","0","0","0","0"
"666748","Cody Martin","92.99","198.12","F","2526","0","0","0","0","0"
"38017708","Bryce McGowens","79.38","198.12","G","2186","0","0","0","0","0"
"347","Frank Ntilikina","90.72","193.04","G","3364","0","0","0","0","0"
"422","Ish Smith","79.38","182.88","G","1218","0","0","0","0","0"
"666656","De'Andre Hunter","100.24","203.20","F","1664","9","4","1","0","0"
"3547256","Saddiq Bey","97.52","200.66","F","2619","15","5","0","5","0"
"83","Clint Capela","116.12","208.28","C","1485","15","13","0","1","0"
"334","Dejounte Murray","81.65","195.58","G","1749","11","2","6","0","0"
"490","Trae Young","74.39","185.42","G","3241","23","1","9","1","0"
"53","Bogdan Bogdanovic","102.06","195.58","G","3164","7","4","4","3","0"
"56677838","Kobe Bufkin","88.45","195.58","G","2122","0","0","0","0","0"
"666564","Bruno Fernando","108.86","205.74","F","3911","0","0","0","0","0"
"38017689","AJ Griffin","99.79","198.12","F","2144","2","2","0","0","0"
"56677806","Mouhamed Gueye","95.25","208.28","F","3958","0","0","0","0","0"
"17896040","Jalen Johnson","99.34","203.20","F","4553","21","7","2","2","1"
"666754","Garrison Mathews","97.52","198.12","G","1206","0","0","0","0","0"
"319","Patty Mills","81.65","187.96","G","3315","0","0","0","0","0"
"3547244","Onyeka Okongwu","108.86","208.28","F-C","3606","7","4","2","0","0"
"56677855","Seth Lundy","99.79","193.04","G","1048","0","0","0","0","0"
"301","Wesley Matthews","99.79","195.58","G-F","3245","0","0","0","0","0"
"56677875","Miles Norris","0.00","0.00","F","3936","0","0","0","0","0"
"61","Mikal Bridges","94.80","198.12","F","1160","20","6","4","3","0"
"666679","Cameron Johnson","95.25","203.20","F","2453","12","5","3","2","0"
"666508","Nicolas Claxton","97.52","210.82","F-C","1983","7","7","4","0","3"
"130","Spencer Dinwiddie","97.52","195.58","G","2375","5","1","3","0","0"
"417","Ben Simmons","108.86","208.28","G-F","2658","4","10","9","0","1"
"56677843","Noah Clowney","95.25","205.74","F","2845","0","0","0","0","0"
"158","Dorian Finney-Smith","99.79","200.66","F","1497","10","5","2","0","0"
"174","Harry Giles III","108.86","208.28","F-C","3148","0","0","0","0","0"
"351","Royce O'Neale","102.51","198.12","F","2240","5","7","2","0","0"
"17896038","Day'Ron Sharpe","120.20","205.74","C","1735","4","2","0","0","2"
"421","Dennis Smith Jr.","92.99","190.50","G","1650","10","4","1","0","0"
"17896048","Cam Thomas","95.25","190.50","G","3716","36","3","2","1","0"
"464","Lonnie Walker IV","92.53","193.04","G","2146","0","0","0","0","0"
"17896058","Trendon Watford","107.50","203.20","F","3934","0","0","0","0","0"
"9051997","Armoni Brooks","88.45","190.50","G","3797","0","0","0","0","0"
"56677841","Dariq Whitehead","99.79","198.12","F","1576","0","0","0","0","0"
"56677722","Jalen Wilson","99.79","198.12","F","2795","0","0","0","0","0"
"666908","Max Strus","97.52","195.58","G","4821","27","12","2","1","1"
"3547247","Isaac Okoro","102.06","195.58","F-G","1271","18","6","4","2","1"
"17896076","Evan Mobley","97.52","210.82","F-C","3788","10","6","1","0","2"
"322","Donovan Mitchell","97.52","190.50","G","4241","27","5","6","4","1"
"666581","Darius Garland","87.09","185.42","G","3047","15","2","5","2","0"
"56677847","Emoni Bates","77.11","203.20","F","3985","0","0","0","0","0"
"666676","Ty Jerome","88.45","195.58","G","2859","2","0","0","0","0"
"248","Damian Jones","111.13","208.28","C","1292","4","0","2","0","0"
"277","Caris LeVert","92.99","198.12","G","1942","11","3","5","1","1"
"3547299","Sam Merrill","92.99","193.04","G","2885","0","0","0","0","0"
"38017662","Isaiah Mobley","107.95","203.20","F","1068","0","0","0","0","0"
"344","Georges Niang","104.33","200.66","F","3152","0","4","0","0","0"
"444","Tristan Thompson","115.21","205.74","C-F","1396","0","0","0","0","0"
"9","Jarrett Allen","110.22","205.74","C","2265","0","0","0","0","0"
"56677872","Craig Porter","81.65","185.42","G","2828","0","0","0","0","0"
"404","Ricky Rubio","86.18","187.96","G","1474","0","0","0","0","0"
"666940","Dean Wade","103.42","205.74","F","1879","0","0","0","0","0"
"18","OG Anunoby","108.86","200.66","F","3830","20","6","1","2","3"
"416","Pascal Siakam","111.13","203.20","F","3693","15","7","6","1","0"
"373","Jakob Poeltl","117.93","213.36","C","2889","7","11","1","1","1"
"17896055","Scottie Barnes","107.50","200.66","G-F","3042","17","8","5","2","5"
"409","Dennis Schroder","79.38","185.42","G","4181","22","3","7","0","0"
"3547249","Precious Achiuwa","110.22","203.20","F","1876","8","9","0","0","0"
"58","Chris Boucher","90.72","205.74","F","3517","0","0","0","0","0"
"56677828","Gradey Dick","90.72","198.12","G","2256","0","0","1","0","0"
"3547275","Malachi Flynn","83.91","185.42","G","1873","3","0","2","1","0"
"666762","Jalen McDaniels","86.18","205.74","F","2461","0","2","2","1","1"
"376","Otto Porter Jr.","89.81","203.20","F","2880","0","0","0","0","0"
"436","Garrett Temple","88.45","195.58","G-F","2270","0","0","0","0","0"
"3089","Gary Trent Jr.","92.53","195.58","","2348","5","1","2","1","1"
"489","Thaddeus Young","102.06","203.20","F","1879","0","0","0","0","0"
"56677805","Javon Freeman-Liberty","86.18","190.50","G","3177","0","0","0","0","0"
"38017717","Ron Harper Jr.","111.13","195.58","F","3573","0","0","0","0","0"
"38017710","Christian Koloko","104.33","213.36","C","1766","0","0","0","0","0"
"56677869","Markquis Nowell","72.57","170.18","G","1909","0","0","0","0","0"
"666400","Nickeil Alexander-Walker","92.99","195.58","G","3535","2","4","2","1","0"
"447","Karl-Anthony Towns","112.49","213.36","C","3842","19","10","3","0","4"
"176","Rudy Gobert","117.03","215.90","C","3679","15","13","1","2","4"
"3547238","Anthony Edwards","102.06","193.04","G","3976","26","14","1","0","0"
"104","Mike Conley","79.38","182.88","G","3764","11","4","3","1","1"
"12","Kyle Anderson","104.33","205.74","F","2745","7","9","5","1","0"
"68","Troy Brown Jr.","97.52","200.66","F","2221","0","1","0","0","0"
"17896056","Luka Garza","110.22","208.28","C","2247","0","0","0","0","0"
"666767","Jordan McLaughlin","83.91","182.88","G","1845","0","0","0","0","0"
"56677782","Leonard Miller","95.25","208.28","F","1404","0","0","0","0","0"
"320","Shake Milton","92.99","195.58","G","3680","4","3","4","3","0"
"38017715","Josh Minott","92.99","203.20","F","2102","0","0","0","0","0"
"38017700","Wendell Moore Jr.","97.52","195.58","G","3273","0","0","0","0","0"
"17895968","Daishen Nix","102.51","190.50","F","1487","0","0","0","0","0"
"667378","Naz Reid","119.75","205.74","F-C","2709","10","4","1","0","0"
"56677851","Jaylen Clark","92.99","193.04","G","3052","0","0","0","0","0"
"3547259","Jaden McDaniels","83.91","205.74","F","2922","0","0","0","0","0"
"79","Jimmy Butler","104.33","200.66","G-F","2444","19","13","4","2","0"
"285","Kevin Love","113.85","203.20","F-C","2402","13","10","2","0","0"
"4","Bam Adebayo","115.67","205.74","C-F","3045","22","8","3","0","2"
"666633","Tyler Herro","88.45","195.58","G","1040","16","2","3","3","0"
"286","Kyle Lowry","88.90","182.88","G","3155","0","2","2","2","1"
"74","Thomas Bryant","112.49","208.28","C","2985","8","6","3","1","0"
"38017734","Jamal Cain","86.64","198.12","F","1163","0","0","0","0","0"
"3547257","R.J. Hampton","79.38","193.04","G","1348","0","0","0","0","0"
"56677785","Jaime Jaquez Jr.","102.06","198.12","G","1760","6","2","2","2","0"
"38017696","Nikola Jovic","92.99","208.28","F","3194","0","0","0","0","0"
"666747","Caleb Martin","92.99","195.58","F","2081","2","3","1","1","0"
"397","Duncan Robinson","97.52","200.66","F","2962","15","2","1","0","0"
"39398582","Orlando Robinson","106.59","208.28","C","1146","0","0","0","0","0"
"19465585","Dru Smith","92.08","190.50","G","3492","2","0","1","0","0"
"3092","Haywood Highsmith","99.79","195.58","","3324","0","0","0","0","0"
"391","Josh Richardson","90.72","195.58","G-F","1517","0","0","0","0","0"
"38017736","Cole Swider","99.79","203.20","F","1081","0","0","0","0","0"
"56677826","Ausar Thompson","92.99","198.12","G-F","3663","4","7","3","0","5"
"3547267","Isaiah Stewart","113.40","203.20","F-C","3309","14","14","2","0","0"
"38017694","Jalen Duren","113.40","208.28","C","3657","17","14","4","0","4"
"3547241","Killian Hayes","88.45","195.58","G","1513","10","1","3","2","1"
"17896075","Cade Cunningham","99.79","198.12","G-F","4622","30","3","9","1","1"
"77","Alec Burks","97.07","195.58","G","2553","7","5","0","0","1"
"56677729","Malcolm Cazalon","83.91","198.12","G","1205","0","0","0","0","0"
"197","Joe Harris","99.79","198.12","F-G","2560","0","0","0","0","0"
"38017682","Jaden Ivey","88.45","193.04","G","2791","4","2","3","0","0"
"42097199","Jared Rhoden","95.25","195.58","G","3569","0","0","0","0","0"
"56677792","Marcus Sasser","88.45","187.96","G","1368","8","2","1","0","0"
"44477024","Stanley Umude","95.25","198.12","G","2950","0","0","0","0","0"
"3547240","James Wiseman","108.86","210.82","C","2629","0","0","0","0","0"
"54","Bojan Bogdanovic","102.51","200.66","F","1614","0","0","0","0","0"
"17896071","Isaiah Livers","105.23","198.12","F","1715","0","0","0","0","0"
"330","Monte Morris","83.01","187.96","G","1840","0","0","0","0","0"
"17896027","Ziaire Williams","83.91","205.74","G-F","1970","9","4","0","0","0"
"231","Jaren Jackson Jr.","109.77","208.28","F-C","3002","8","5","3","0","5"
"3547285","Xavier Tillman","111.13","200.66","F","2601","17","12","4","3","1"
"3547287","Desmond Bane","97.52","195.58","G","3504","31","5","5","2","1"
"420","Marcus Smart","99.79","190.50","G","2509","17","0","3","2","0"
"48248287","Jacob Gilyard","72.57","172.72","G","3138","0","0","0","0","0"
"56677830","GG Jackson","95.25","205.74","F","2340","0","0","0","0","0"
"254","Luke Kennard","93.44","195.58","G","3800","3","2","2","0","0"
"666703","John Konchar","95.25","195.58","G-F","2283","0","0","0","0","0"
"38017728","Jake LaRavia","106.59","200.66","F","2655","2","2","1","1","0"
"38017732","Kenneth Lofton Jr.","124.74","198.12","F","3974","0","0","0","0","0"
"666786","Ja Morant","78.93","187.96","G","3923","0","0","0","0","0"
"38017729","David Roddy","115.67","193.04","F","1429","9","5","2","0","0"
"401","Derrick Rose","90.72","190.50","G","3065","8","2","3","0","0"
"38017731","Vince Williams Jr.","92.99","193.04","G","1910","0","0","0","0","0"
"3","Steven Adams","120.20","210.82","C","1659","0","0","0","0","0"
"17896067","Santi Aldama","97.52","213.36","F","2805","0","0","0","0","0"
"666505","Brandon Clarke","97.52","203.20","F","3264","0","0","0","0","0"
"227","Brandon Ingram","86.18","203.20","F","3413","19","7","6","2","0"
"666969","Zion Williamson","128.82","198.12","F","3326","23","7","3","0","0"
"455","Jonas Valanciunas","120.20","210.82","C","3538","12","12","1","0","1"
"17896024","Herbert Jones","93.44","200.66","F","2859","13","8","3","1","1"
"303","CJ McCollum","86.18","190.50","G","3875","24","4","6","2","1"
"38017677","Dyson Daniels","90.26","200.66","G","2854","6","5","0","2","1"
"666584","Kaiser Gates","102.06","200.66","F","3103","0","0","0","0","0"
"56677837","Jordan Hawkins","86.18","195.58","G","3070","3","0","2","0","0"
"3547260","Kira Lewis Jr.","77.11","185.42","G","1100","0","0","0","0","1"
"38017663","E.J. Liddell","108.86","198.12","F","1323","0","0","0","0","0"
"340","Larry Nance Jr.","111.13","203.20","F","3487","2","8","0","1","0"
"17896017","Matt Ryan","97.52","198.12","F","1662","9","1","1","0","0"
"491","Cody Zeller","108.86","210.82","C","3415","0","0","0","0","0"
"17896097","Jose Alvarado","81.19","182.88","G","2898","0","0","0","0","0"
"3547293","Naji Marshall","99.79","198.12","F","3501","0","0","0","0","0"
"18677986","Trey Murphy III","93.44","203.20","F","3047","0","0","0","0","0"
"38017726","Dereon Seabron","81.65","195.58","G","3779","0","0","0","0","0"
"125","DeMar DeRozan","99.79","198.12","G","2171","20","5","2","1","1"
"3547248","Patrick Williams","97.52","200.66","F","3238","8","3","4","2","0"
"460","Nikola Vucevic","117.93","208.28","C","2017","11","9","4","3","2"
"268","Zach LaVine","90.72","195.58","G","1441","16","4","3","0","0"
"666956","Coby White","88.45","195.58","G","3881","15","4","4","0","0"
"87","Jevon Carter","90.72","185.42","G","1273","3","1","2","0","0"
"89","Alex Caruso","84.37","195.58","G","1323","6","2","3","2","0"
"110","Torrey Craig","100.24","195.58","F","1275","11","7","1","0","0"
"17895983","Ayo Dosunmu","90.72","195.58","G","3162","8","0","1","1","0"
"137","Andre Drummond","126.55","210.82","C","2413","6","5","1","1","0"
"56677857","Julian Phillips","89.81","203.20","F","3836","0","0","0","0","0"
"17896116","Terry Taylor","104.33","193.04","G","1021","0","0","0","0","0"
"38017719","Dalen Terry","88.45","200.66","F","1337","0","2","1","0","0"
"27","Lonzo Ball","86.18","198.12","G","3769","0","0","0","0","0"
"56677874","Onuralp Bitim","97.52","198.12","F","2825","0","0","0","0","0"
"45969255","Justin Lewis","111.13","200.66","F","1455","0","0","0","0","0"
"56677860","Adama Sanogo","111.13","205.74","F","1028","0","0","0","0","0"
"666541","Luguentz Dort","99.79","193.04","G","1784","8","7","2","2","1"
"38017703","Jalen Williams","95.71","195.58","G-F","1348","16","3","5","1","0"
"38017685","Chet Holmgren","94.35","215.90","C-F","3266","11","4","3","1","0"
"17896065","Josh Giddey","97.98","203.20","G","2224","16","6","6","0","0"
"175","Shai Gilgeous-Alexander","88.45","198.12","G","3248","31","5","10","1","2"
"44","Davis Bertans","102.06","208.28","F","2660","0","0","0","0","0"
"38017716","Ousmane Dieng","83.91","205.74","F","3447","9","2","0","0","0"
"3547272","Isaiah Joe","74.84","190.50","G","2325","14","5","2","1","0"
"17896036","Tre Mann","80.74","190.50","G","2491","0","0","1","0","0"
"4197029","Vasilije Micic","85.28","190.50","G","2917","0","0","0","0","0"
"3547271","Aleksej Pokusevski","95.25","213.36","C","2836","0","2","0","0","0"
"24572055","Olivier Sarr","108.86","208.28","C","1678","4","4","0","0","0"
"56677833","Cason Wallace","88.45","190.50","G","2165","13","2","1","0","1"
"27924547","Lindy Waters III","95.25","198.12","F","1737","0","0","0","0","0"
"17896078","Aaron Wiggins","86.18","195.58","G","1296","2","3","0","0","0"
"56677853","Keyontae Johnson","104.33","193.04","F","3788","0","0","0","0","0"
"38017706","Jaylin Williams","108.86","205.74","F","2129","0","0","0","0","0"
"480","Kenrich Williams","95.25","198.12","G-F","2175","0","0","0","0","0"
"297","Lauri Markkanen","108.86","213.36","F","3712","19","10","1","2","0"
"101","John Collins","102.51","205.74","F-C","2669","15","11","2","1","0"
"38017705","Walker Kessler","111.13","213.36","C","3184","8","8","0","0","1"
"100","Jordan Clarkson","88.00","190.50","G","3883","24","4","6","0","0"
"666650","Talen Horton-Tucker","106.14","193.04","G","3857","8","1","4","0","1"
"38017620","Ochai Agbaji","97.52","195.58","G","1544","5","3","0","0","0"
"139","Kris Dunn","92.99","190.50","G","3856","8","1","2","2","0"
"38017739","Simone Fontecchio","94.80","200.66","F","2316","2","1","1","0","0"
"56677834","Keyonte George","83.91","193.04","G","1141","8","2","2","0","0"
"56677824","Taylor Hendricks","97.52","205.74","F","1907","1","1","0","0","0"
"358","Kelly Olynyk","108.86","210.82","F","2292","5","6","4","1","0"
"666881","Luka Samanic","102.97","208.28","F","1875","2","1","0","0","0"
"56677842","Brice Sensabaugh","106.59","195.58","F","3209","0","1","0","0","0"
"413","Collin Sexton","86.18","190.50","G","3547","9","3","0","0","0"
"11891374","Omer Yurtseven","124.74","210.82","C","1908","0","1","0","0","0"
"17896023","Josh Christopher","97.52","193.04","G","3595","0","0","0","0","0"
"38017630","Johnny Juzang","94.80","195.58","G","1669","0","0","0","0","0"
"19465584","Micah Potter","112.49","205.74","F","1177","0","0","0","0","0"
"30","Harrison Barnes","102.06","203.20","F","3689","33","4","2","1","0"
"406","Domantas Sabonis","108.86","208.28","F","4639","22","12","5","1","2"
"221","Kevin Huerter","89.81","200.66","G","1738","7","5","2","0","0"
"161","De'Aaron Fox","83.91","190.50","G","2437","18","5","6","1","1"
"17896030","Chris Duarte","86.18","195.58","G","1986","9","2","1","0","0"
"17896044","Kessler Edwards","92.08","200.66","F","3856","0","0","0","0","0"
"38017714","Keon Ellis","79.38","190.50","G","1379","0","0","0","0","0"
"17895990","Jordan Ford","79.38","185.42","G","1736","0","0","0","0","0"
"56677845","Colby Jones","93.89","198.12","G","2559","0","1","0","0","0"
"273","Alex Len","113.40","213.36","C","1505","0","0","0","0","0"
"306","JaVale McGee","122.47","213.36","C","1156","8","1","1","0","1"
"17553994","Davion Mitchell","91.63","182.88","G","1262","0","3","4","0","0"
"324","Malik Monk","90.72","190.50","G","2892","10","2","7","0","2"
"4197162","Aleksandar Vezenkov","102.06","203.20","F","1218","8","2","0","2","0"
"290","Trey Lyles","106.14","205.74","F","3129","0","0","0","0","0"
"56677862","Jalen Slawson","97.52","200.66","F","2556","0","0","0","0","0"
"666682","Keldon Johnson","99.79","195.58","F","2422","17","9","7","0","0"
"56677822","Victor Wembanyama","95.25","223.52","F-C","2577","15","5","2","2","1"
"102","Zach Collins","113.40","210.82","F-C","2916","14","5","3","1","2"
"3547246","Devin Vassell","90.72","195.58","G-F","3416","23","5","3","2","0"
"38017699","Jeremy Sochan","104.33","203.20","F","1887","13","7","5","1","0"
"38017730","Dominick Barlow","97.52","205.74","F","1721","0","0","0","0","0"
"17895854","Charles Bassey","104.33","208.28","G","3049","2","5","2","1","0"
"38017692","Malaki Branham","81.65","193.04","F","1912","7","2","2","1","0"
"38017649","Julian Champagnie","98.43","200.66","F","1515","0","0","0","0","0"
"180","Devonte' Graham","88.45","185.42","G","1947","0","0","0","0","0"
"3547274","Tre Jones","83.91","185.42","G","3052","16","5","6","0","0"
"17896059","Sandro Mamukelashvili","108.86","205.74","F","3542","0","0","0","0","0"
"305","Doug McDermott","102.06","198.12","F","2623","0","1","1","0","1"
"359","Cedi Osman","104.33","200.66","F","1501","12","0","2","0","1"
"38017693","Blake Wesley","83.91","190.50","G","1648","0","0","0","0","0"
"56677865","Charles Bediako","0.00","0.00","C","3618","0","0","0","0","0"
"56677817","Sidy Cissoko","90.72","198.12","G","1221","0","0","0","0","0"
"56677870","Sir'Jabari Rice","0.00","0.00","G","2823","0","0","0","0","0"
"247","Derrick Jones Jr.","95.25","198.12","F-G","3971","1","1","0","0","0"
"666965","Grant Williams","107.05","198.12","F","1706","17","6","0","0","1"
"257","Maxi Kleber","108.86","208.28","F","1562","6","7","2","0","1"
"132","Luka Doncic","104.33","200.66","F-G","4330","33","14","10","1","0"
"228","Kyrie Irving","88.45","187.96","G","3410","22","2","6","1","0"
"114","Seth Curry","83.91","185.42","G","3866","0","0","0","0","0"
"151","Dante Exum","97.07","195.58","G","2769","3","1","0","0","0"
"3547258","Josh Green","90.72","195.58","G","1584","11","2","1","1","0"
"191","Tim Hardaway Jr.","92.99","195.58","G","2739","17","6","4","1","0"
"38017679","Jaden Hardy","89.81","190.50","G","3496","0","0","0","0","0"
"217","Richaun Holmes","106.59","205.74","F-C","1297","0","0","0","0","0"
"56677840","Dereck Lively II","104.33","215.90","C","1056","16","10","1","1","1"
"329","Markieff Morris","111.13","205.74","F","2208","0","0","0","0","0"
"379","Dwight Powell","108.86","208.28","F-C","2355","0","0","0","0","0"
"56677859","Olivier-Maxence Prosper","104.33","200.66","F","1783","0","0","0","0","0"
"17896028","Greg Brown III","93.44","200.66","F","1628","0","0","0","0","0"
"56677873","Dexter Dennis","95.25","195.58","G","3355","0","0","0","0","0"
"17554004","AJ Lawson","81.19","198.12","G","1312","0","0","0","0","0"
"108","Robert Covington","94.80","200.66","F","1881","5","4","2","3","1"
"274","Kawhi Leonard","102.06","200.66","F","3426","23","5","6","1","1"
"493","Ivica Zubac","108.86","213.36","C","1187","20","12","0","0","4"
"172","Paul George","99.79","203.20","F","3917","27","3","6","3","0"
"472","Russell Westbrook","90.72","193.04","G","1257","11","5","13","0","0"
"33","Nicolas Batum","104.33","203.20","F-G","3600","0","3","1","1","1"
"56677849","Kobe Brown","113.40","200.66","F","2808","0","0","0","0","0"
"666511","Amir Coffey","95.25","200.66","G","3113","2","0","1","0","0"
"38017725","Moussa Diabate","95.25","205.74","F","2920","2","1","0","2","0"
"17896031","Nah'Shon Hyland","76.66","187.96","G","3953","17","0","3","0","0"
"3547294","Kenyon Martin Jr.","97.52","198.12","F","1335","0","1","1","1","0"
"56677856","Jordan Miller","88.00","195.58","G","3657","2","0","0","0","0"
"371","Mason Plumlee","115.21","208.28","F-C","2545","6","8","2","0","0"
"380","Norman Powell","97.52","193.04","F-G","1426","8","3","1","0","0"
"17896022","Brandon Boston Jr.","85.28","198.12","G","2338","0","0","0","0","0"
"666743","Terance Mann","97.52","195.58","G","1645","0","0","0","0","0"
"328","Marcus Morris","98.88","203.20","F","1400","0","0","0","0","0"
"17896051","Joshua Primo","85.73","193.04","G","2020","0","0","0","0","0"
"666923","Matisse Thybulle","91.17","195.58","G-F","1292","8","1","1","1","0"
"182","Jerami Grant","95.25","200.66","F","1835","13","3","1","0","1"
"22","Deandre Ayton","112.04","213.36","C","2331","4","12","1","3","1"
"419","Anfernee Simons","87.54","190.50","G","3469","18","2","4","2","0"
"56677747","Scoot Henderson","91.63","190.50","G","1830","11","3","4","0","0"
"65","Malcolm Brogdon","103.87","193.04","G","3991","20","2","5","0","0"
"666476","Moses Brown","117.03","218.44","C","3389","0","0","0","0","0"
"56677850","Toumani Camara","102.51","200.66","F","2174","7","2","1","0","1"
"56677791","Kris Murray","95.25","203.20","F","1764","0","1","0","0","0"
"56677829","Rayan Rupert","83.91","198.12","G-F","2655","0","0","0","0","0"
"38017690","Shaedon Sharpe","92.99","195.58","G","1759","14","6","3","1","0"
"38017711","Jabari Walker","102.97","200.66","F","2475","6","1","0","0","0"
"476","Robert Williams III","112.94","205.74","C-F","3595","10","7","0","3","1"
"3547289","Skylar Mays","92.99","190.50","G","2021","0","0","0","0","0"
"47957121","Justin Minaya","92.99","195.58","F","2493","0","0","0","0","0"
"56783340","Duop Reath","111.13","205.74","C","2301","0","0","0","0","0"
"17896120","Ish Wainright","113.40","195.58","F","3672","0","0","0","0","0"
"315","Khris Middleton","100.70","200.66","F","3857","6","3","4","2","0"
"15","Giannis Antetokounmpo","110.22","210.82","F","4875","23","13","3","2","2"
"283","Brook Lopez","127.91","215.90","C","2303","13","2","0","0","0"
"38","Malik Beasley","84.82","193.04","G","3718","5","4","3","2","0"
"278","Damian Lillard","88.45","187.96","G","4471","39","8","4","0","0"
"2148","Thanasis Antetokounmpo","99.34","200.66","","2796","0","0","0","0","0"
"38017676","MarJon Beauchamp","90.26","200.66","F","3465","4","2","0","0","0"
"105","Pat Connaughton","94.80","195.58","G","1814","7","2","2","0","1"
"112","Jae Crowder","106.59","198.12","F","1159","9","4","2","2","0"
"38017733","A.J. Green","86.18","193.04","G","2579","0","0","0","0","0"
"56677852","Andre Jackson Jr.","94.80","198.12","G","3988","0","0","0","0","0"
"56677854","Chris Livingston","99.79","198.12","F","3959","0","0","0","0","0"
"284","Robin Lopez","127.46","213.36","C","1508","0","0","0","0","0"
"368","Cameron Payne","83.01","190.50","G","1833","2","0","0","1","0"
"666453","Marques Bolden","112.94","208.28","C","2315","0","0","0","0","0"
"38017691","TyTy Washington Jr.","88.45","190.50","G","1781","0","0","0","0","0"
"666960","Lindell Wigginton","85.73","185.42","G","1064","0","0","0","0","0"
"200","Tobias Harris","102.51","203.20","F","1364","20","7","2","0","0"
"450","PJ Tucker","111.13","195.58","F","3548","0","7","0","2","0"
"145","Joel Embiid","127.01","213.36","F-C","4004","24","7","6","0","1"
"313","De'Anthony Melton","90.72","190.50","G","3753","10","2","4","2","0"
"3547254","Tyrese Maxey","90.72","187.96","G","4494","31","4","8","2","0"
"28","Mo Bamba","104.78","213.36","C","1273","0","0","0","0","0"
"45","Patrick Beverley","81.65","187.96","G","1549","2","2","2","0","0"
"184","Danny Green","97.52","198.12","G-F","3350","0","2","1","1","0"
"2175","Danuel House Jr.","99.79","198.12","","1978","0","0","0","0","0"
"260","Furkan Korkmaz","91.63","200.66","G-F","1257","0","0","0","0","0"
"360","Kelly Oubre Jr.","92.08","200.66","F","3637","27","4","0","1","0"
"17895941","Filip Petrusev","102.06","210.82","C","1207","0","0","0","0","0"
"3547270","Paul Reed","95.25","205.74","F","2539","3","4","2","0","1"
"17896025","Jaden Springer","91.63","193.04","G","2515","0","0","0","0","2"
"56913527","Ricky Council IV","93.89","198.12","G","2134","0","0","0","0","0"
"192","James Harden","99.79","195.58","G","2557","0","0","0","0","0"
"17554001","Javonte Smart","92.99","193.04","G","1149","0","0","0","0","0"
"56677788","Terquavion Smith","72.57","193.04","G","2962","0","0","0","0","0"
"383","Taurean Prince","98.88","198.12","F","2813","0","0","0","1","0"
"237","LeBron James","113.40","205.74","F","3906","21","8","9","2","2"
"117","Anthony Davis","114.76","208.28","F-C","4317","30","12","2","3","3"
"17553995","Austin Reaves","89.36","195.58","G","1964","10","2","1","1","0"
"405","D'Angelo Russell","87.54","190.50","G","2497","14","4","5","2","1"
"56677738","Colin Castleton","113.40","208.28","C","1405","0","0","0","0","0"
"38017697","Max Christie","86.18","195.58","G","3515","0","0","0","0","0"
"666609","Rui Hachimura","104.33","203.20","F","3570","7","0","0","1","1"
"666626","Jaxson Hayes","99.79","213.36","C","1039","0","2","0","1","0"
"56677868","D'Moi Hodge","85.28","190.50","G","2059","0","0","0","0","0"
"56677836","Maxwell Lewis","88.45","200.66","F","3120","0","0","0","0","0"
"666860","Cameron Reddish","98.43","200.66","F-G","3515","4","1","0","0","0"
"1603383","Gabe Vincent","90.72","187.96","G","2070","7","3","6","3","0"
"486","Christian Wood","97.07","203.20","F","2768","7","10","1","0","0"
"56677867","Alex Fudge","90.72","203.20","F","1383","0","0","0","0","0"
"56677835","Jalen Hood-Schifino","97.52","195.58","G","3192","0","0","0","0","0"
"457","Jarred Vanderbilt","97.07","203.20","F","3995","0","0","0","0","0"
"356","Josh Okogie","96.62","193.04","G","2925","10","8","3","0","1"
"140","Kevin Durant","108.86","210.82","F","3788","39","11","2","1","1"
"349","Jusuf Nurkic","131.54","213.36","C","2666","4","9","3","3","0"
"8","Grayson Allen","89.81","193.04","G","2621","6","6","4","0","0"
"178","Eric Gordon","97.52","190.50","G","2367","15","2","0","0","0"
"3547095","Udoka Azubuike","122.47","210.82","C-F","1315","0","0","0","0","0"
"32","Keita Bates-Diop","103.87","203.20","F","2250","0","0","0","0","0"
"666451","Bol Bol","99.79","220.98","C","2838","0","0","0","0","0"
"147","Drew Eubanks","111.13","208.28","F","3650","2","4","2","0","0"
"18678058","Jordan Goodwin","90.72","193.04","","1497","14","6","2","2","0"
"3547298","Saben Lee","83.01","187.96","G","2960","0","0","0","0","0"
"666729","Nassir Little","99.79","198.12","F","2849","2","2","0","1","1"
"314","Chimezie Metu","102.06","208.28","F","2849","0","0","0","0","0"
"470","Yuta Watanabe","97.52","205.74","G","1286","3","1","0","0","0"
"37","Bradley Beal","93.89","193.04","G","2407","0","0","0","0","0"
"57","Devin Booker","93.44","198.12","G","2228","0","0","0","0","0"
"272","Damion Lee","95.25","198.12","G","2915","0","0","0","0","0"
"204","Gordon Hayward","102.06","200.66","F","3665","19","9","4","3","0"
"666950","P.J. Washington","104.33","200.66","F","1997","13","3","3","2","1"
"38017698","Mark Williams","108.86","213.36","C","3581","2","3","1","0","1"
"403","Terry Rozier","86.18","185.42","G","1987","20","3","1","1","0"
"3547239","LaMelo Ball","81.65","200.66","G","3720","20","9","9","2","1"
"56677848","Amari Bailey","83.91","190.50","G","2712","0","0","0","0","0"
"56677866","Leaky Black","94.80","198.12","F","3054","0","0","0","0","0"
"62","Miles Bridges","102.06","200.66","F","1907","0","0","0","0","0"
"3547253","Theo Maledon","79.38","195.58","G","1542","6","2","0","2","0"
"38017708","Bryce McGowens","79.38","198.12","G","1133","0","0","0","0","0"
"56677823","Brandon Miller","90.72","200.66","F","1663","17","6","2","1","1"
"347","Frank Ntilikina","90.72","193.04","G","3109","0","0","0","0","0"
"3547282","Nick Richards","111.13","213.36","C","3532","0","2","0","1","2"
"56677846","Nick Smith Jr.","83.91","187.96","G","1812","0","0","0","0","0"
"18678001","JT Thor","92.08","205.74","F","1859","2","4","0","1","1"
"17896037","James Bouknight","86.18","193.04","G","2709","0","0","0","0","0"
"666748","Cody Martin","92.99","198.12","F","1480","0","0","0","0","0"
"422","Ish Smith","79.38","182.88","G","3579","0","0","0","0","0"
"3547267","Isaiah Stewart","113.40","203.20","F-C","3823","15","7","1","0","1"
"56677826","Ausar Thompson","92.99","198.12","G-F","1336","6","12","6","0","1"
"38017694","Jalen Duren","113.40","208.28","C","1532","14","17","3","2","2"
"17896075","Cade Cunningham","99.79","198.12","G-F","2127","12","2","6","1","0"
"3547241","Killian Hayes","88.45","195.58","G","2346","6","3","3","1","1"
"24","Marvin Bagley III","106.59","208.28","F","2207","14","4","1","0","0"
"77","Alec Burks","97.07","195.58","G","4218","24","4","2","1","1"
"56677729","Malcolm Cazalon","83.91","198.12","G","3910","0","0","0","0","0"
"197","Joe Harris","99.79","198.12","F-G","2413","2","0","1","1","0"
"38017682","Jaden Ivey","88.45","193.04","G","3300","18","2","4","1","0"
"42097199","Jared Rhoden","95.25","195.58","G","2146","0","0","0","0","0"
"56677792","Marcus Sasser","88.45","187.96","G","1916","0","1","1","0","0"
"44477024","Stanley Umude","95.25","198.12","G","1665","0","0","0","0","0"
"3547240","James Wiseman","108.86","210.82","C","3303","0","0","0","0","0"
"54","Bojan Bogdanovic","102.51","200.66","F","1861","0","0","0","0","0"
"17896071","Isaiah Livers","105.23","198.12","F","3187","0","0","0","0","0"
"330","Monte Morris","83.01","187.96","G","2732","0","0","0","0","0"
"17896027","Ziaire Williams","83.91","205.74","G-F","3809","11","9","3","0","0"
"231","Jaren Jackson Jr.","109.77","208.28","F-C","4734","21","9","2","0","3"
"3547285","Xavier Tillman","111.13","200.66","F","3333","13","8","2","3","2"
"3547287","Desmond Bane","97.52","195.58","G","2749","15","3","3","2","0"
"420","Marcus Smart","99.79","190.50","G","2294","20","2","5","5","0"
"48248287","Jacob Gilyard","72.57","172.72","G","2069","0","0","0","0","0"
"56677830","GG Jackson","95.25","205.74","F","2559","0","0","0","0","0"
"666703","John Konchar","95.25","195.58","G-F","3072","2","6","2","1","2"
"38017728","Jake LaRavia","106.59","200.66","F","2713","6","5","0","0","0"
"38017732","Kenneth Lofton Jr.","124.74","198.12","F","1554","0","0","0","0","0"
"38017729","David Roddy","115.67","193.04","F","3823","0","2","2","1","0"
"401","Derrick Rose","90.72","190.50","G","3475","16","4","3","1","0"
"38017731","Vince Williams Jr.","92.99","193.04","G","3738","0","0","0","0","0"
"3","Steven Adams","120.20","210.82","C","3845","0","0","0","0","0"
"17896067","Santi Aldama","97.52","213.36","F","2651","0","0","0","0","0"
"666505","Brandon Clarke","97.52","203.20","F","2595","0","0","0","0","0"
"254","Luke Kennard","93.44","195.58","G","1007","0","0","0","0","0"
"375","Michael Porter Jr.","98.88","208.28","F","3619","9","13","2","0","0"
"177","Aaron Gordon","106.59","203.20","F","2254","10","2","3","3","1"
"246","Nikola Jokic","128.82","210.82","C","3559","22","12","7","1","1"
"81","Kentavious Caldwell-Pope","92.53","195.58","G","3302","8","2","2","5","1"
"335","Jamal Murray","97.52","193.04","G","4762","22","1","5","0","1"
"38017709","Christian Braun","99.79","198.12","G","2713","5","4","2","1","0"
"215","Justin Holiday","81.65","198.12","F-G","2213","0","0","0","0","0"
"236","Reggie Jackson","94.35","187.96","G","2375","16","2","6","0","0"
"250","DeAndre Jordan","120.20","210.82","C","1169","0","0","0","0","0"
"17896007","Braxton Key","102.06","203.20","G","3839","0","0","0","0","0"
"3547268","Zeke Nnaji","108.86","205.74","F-C","1090","7","0","0","1","2"
"56677582","Jalen Pickett","91.63","187.96","G","3876","0","0","0","0","0"
"56677776","Julian Strawther","92.99","198.12","G","2849","0","0","0","0","0"
"56677871","Hunter Tyson","97.52","203.20","F","2179","0","0","0","0","0"
"38017721","Peyton Watson","90.72","200.66","G","3102","9","3","0","1","3"
"666489","Vlatko Cancar","107.05","203.20","F","1714","0","0","0","0","0"
"38017727","Collin Gillespie","88.45","185.42","G","1339","0","0","0","0","0"
"17896103","Jay Huff","108.86","215.90","F-C","2471","0","0","0","0","0"
"3547247","Isaac Okoro","102.06","195.58","F-G","3162","10","7","2","2","1"
"666940","Dean Wade","103.42","205.74","F","2849","8","5","0","2","0"
"17896076","Evan Mobley","97.52","210.82","F-C","3619","14","15","3","0","2"
"666908","Max Strus","97.52","195.58","G","2939","8","5","4","2","1"
"322","Donovan Mitchell","97.52","190.50","G","4502","43","8","5","3","2"
"56677847","Emoni Bates","77.11","203.20","F","2173","0","0","0","0","0"
"666676","Ty Jerome","88.45","195.58","G","3670","2","1","3","0","0"
"248","Damian Jones","111.13","208.28","C","3374","1","3","0","0","1"
"277","Caris LeVert","92.99","198.12","G","2477","17","2","2","1","1"
"3547299","Sam Merrill","92.99","193.04","G","3664","0","0","0","0","0"
"38017662","Isaiah Mobley","107.95","203.20","F","1528","0","0","0","0","0"
"344","Georges Niang","104.33","200.66","F","2326","2","2","1","0","0"
"56677872","Craig Porter","81.65","185.42","G","3209","0","0","0","0","0"
"444","Tristan Thompson","115.21","205.74","C-F","2205","0","0","0","0","0"
"9","Jarrett Allen","110.22","205.74","C","3014","0","0","0","0","0"
"666581","Darius Garland","87.09","185.42","G","3703","0","0","0","0","0"
"404","Ricky Rubio","86.18","187.96","G","1020","0","0","0","0","0"
"38017703","Jalen Williams","95.71","195.58","G-F","1603","14","5","2","1","0"
"17896065","Josh Giddey","97.98","203.20","G","2450","2","6","6","0","0"
"38017685","Chet Holmgren","94.35","215.90","C-F","1052","16","13","2","1","7"
"666541","Luguentz Dort","99.79","193.04","G","3554","25","6","2","1","1"
"175","Shai Gilgeous-Alexander","88.45","198.12","G","3817","34","11","4","5","1"
"44","Davis Bertans","102.06","208.28","F","2011","0","0","0","0","0"
"38017716","Ousmane Dieng","83.91","205.74","F","1520","0","1","2","0","0"
"3547272","Isaiah Joe","74.84","190.50","G","1057","5","3","2","0","0"
"17896036","Tre Mann","80.74","190.50","G","3520","0","0","0","0","0"
"4197029","Vasilije Micic","85.28","190.50","G","3273","3","0","1","0","0"
"3547271","Aleksej Pokusevski","95.25","213.36","C","3693","0","0","0","0","0"
"24572055","Olivier Sarr","108.86","208.28","C","3967","0","0","0","0","0"
"56677833","Cason Wallace","88.45","190.50","G","2535","9","2","0","0","0"
"27924547","Lindy Waters III","95.25","198.12","F","3793","0","0","0","0","0"
"17896078","Aaron Wiggins","86.18","195.58","G","2023","0","0","1","0","1"
"56677853","Keyontae Johnson","104.33","193.04","F","2545","0","0","0","0","0"
"38017706","Jaylin Williams","108.86","205.74","F","3355","0","0","0","0","0"
"480","Kenrich Williams","95.25","198.12","G-F","3371","0","0","0","0","0"
"70","Jaylen Brown","101.15","198.12","G","3296","27","6","1","2","0"
"434","Jayson Tatum","95.25","203.20","F","4487","22","8","5","1","0"
"378","Kristaps Porzingis","108.86","218.44","F-C","1663","17","9","1","3","1"
"473","Derrick White","86.18","193.04","G","4009","28","6","3","1","3"
"214","Jrue Holiday","92.99","193.04","G","2114","17","10","7","0","1"
"17896094","Dalano Banton","92.53","203.20","G","3089","0","0","0","0","0"
"666468","Oshae Brissett","95.25","200.66","F","1009","2","5","0","0","0"
"38017707","JD Davison","88.45","185.42","G","2926","0","0","0","0","0"
"17896060","Sam Hauser","98.43","200.66","F","2879","3","1","0","0","0"
"219","Al Horford","108.86","205.74","C-F","1555","0","10","2","0","1"
"261","Luke Kornet","113.40","215.90","F-C","1859","0","0","0","0","0"
"338","Svi Mykhailiuk","92.99","200.66","G","1535","0","0","0","0","0"
"3547276","Payton Pritchard","88.45","185.42","G","3238","3","0","1","0","0"
"3547279","Lamar Stevens","104.33","200.66","F","2077","0","0","0","0","0"
"56677864","Jordan Walsh","92.99","198.12","G","1829","0","0","0","0","0"
"3547295","Nathan Knight","114.76","203.20","F-C","1178","0","0","0","0","0"
"17553967","Neemias Queta","112.49","213.36","C","1953","0","0","0","0","0"
"79","Jimmy Butler","104.33","200.66","G-F","1658","14","5","3","1","1"
"285","Kevin Love","113.85","203.20","F-C","1646","9","9","2","1","0"
"4","Bam Adebayo","115.67","205.74","C-F","4742","27","7","2","1","2"
"666633","Tyler Herro","88.45","195.58","G","3417","28","6","6","1","0"
"286","Kyle Lowry","88.90","182.88","G","2879","13","8","5","0","1"
"74","Thomas Bryant","112.49","208.28","C","1832","2","4","1","0","1"
"38017734","Jamal Cain","86.64","198.12","F","2359","0","1","0","1","0"
"3547257","R.J. Hampton","79.38","193.04","G","2918","0","0","0","0","0"
"56677785","Jaime Jaquez Jr.","102.06","198.12","G","3861","0","2","2","0","0"
"38017696","Nikola Jovic","92.99","208.28","F","3569","0","0","0","0","0"
"666747","Caleb Martin","92.99","195.58","F","1610","0","0","0","0","0"
"397","Duncan Robinson","97.52","200.66","F","3892","9","1","0","0","0"
"39398582","Orlando Robinson","106.59","208.28","C","1935","0","0","0","0","0"
"19465585","Dru Smith","92.08","190.50","G","2130","9","2","3","3","1"
"3092","Haywood Highsmith","99.79","195.58","","2692","0","0","0","0","0"
"391","Josh Richardson","90.72","195.58","G-F","1739","0","0","0","0","0"
"38017736","Cole Swider","99.79","203.20","F","2388","0","0","0","0","0"
"666656","De'Andre Hunter","100.24","203.20","F","3651","27","6","1","0","1"
"3547256","Saddiq Bey","97.52","200.66","F","3661","5","1","1","0","1"
"83","Clint Capela","116.12","208.28","C","3259","13","13","2","0","1"
"334","Dejounte Murray","81.65","195.58","G","3190","18","7","6","1","1"
"490","Trae Young","74.39","185.42","G","1974","18","3","12","3","0"
"53","Bogdan Bogdanovic","102.06","195.58","G","2363","16","1","3","1","0"
"666564","Bruno Fernando","108.86","205.74","F","2690","0","0","0","0","0"
"3547297","Trent Forrest","95.25","193.04","G","2196","0","0","0","0","0"
"38017689","AJ Griffin","99.79","198.12","F","2561","6","2","0","0","0"
"56677806","Mouhamed Gueye","95.25","208.28","F","1851","0","0","0","0","0"
"17896040","Jalen Johnson","99.34","203.20","F","3332","11","9","2","1","1"
"666754","Garrison Mathews","97.52","198.12","G","3854","0","0","0","0","0"
"319","Patty Mills","81.65","187.96","G","2958","0","0","0","0","0"
"3547244","Onyeka Okongwu","108.86","208.28","F-C","2118","6","2","1","2","1"
"56677855","Seth Lundy","99.79","193.04","G","1151","0","0","0","0","0"
"301","Wesley Matthews","99.79","195.58","G-F","2695","0","0","0","0","0"
"56677875","Miles Norris","0.00","0.00","F","2132","0","0","0","0","0"
"666423","RJ Barrett","97.07","198.12","F-G","3420","26","3","6","1","0"
"387","Julius Randle","113.40","203.20","F","2554","17","12","9","0","0"
"399","Mitchell Robinson","108.86","213.36","C","1490","7","13","1","4","4"
"17895858","Quentin Grimes","95.25","195.58","G","3076","6","1","1","0","0"
"73","Jalen Brunson","86.18","187.96","G","4532","31","3","5","0","0"
"19","Ryan Arcidiacono","88.45","190.50","G","1613","0","0","0","0","0"
"131","Donte DiVincenzo","92.08","193.04","G","2664","16","2","1","1","1"
"160","Evan Fournier","92.99","198.12","G-F","1537","0","0","0","0","0"
"202","Josh Hart","97.52","193.04","G","3512","4","3","0","1","0"
"201","Isaiah Hartenstein","113.40","213.36","F-C","3488","8","2","1","1","1"
"666675","DaQuan Jeffries","100.70","195.58","F","3486","0","0","0","0","0"
"17896033","Miles McBride","88.45","185.42","G","2969","0","0","0","0","0"
"3547269","Immanuel Quickley","86.18","187.96","G","1244","11","6","6","1","0"
"17896063","Jericho Sims","113.40","208.28","F","2719","0","0","0","0","0"
"666971","Dylan Windler","88.90","200.66","G-F","2383","0","0","0","0","0"
"666474","Charles Brown","90.26","198.12","G","1776","0","0","0","0","0"
"56677795","Jacob Toppin","90.72","203.20","F","2355","0","0","0","0","0"
"17896089","Duane Washington Jr.","89.36","187.96","G","2459","0","0","0","0","0"
"666682","Keldon Johnson","99.79","195.58","F","1831","20","4","4","0","1"
"56677822","Victor Wembanyama","95.25","223.52","F-C","4713","21","12","1","2","3"
"102","Zach Collins","113.40","210.82","F-C","2906","9","6","8","4","0"
"3547246","Devin Vassell","90.72","195.58","G-F","4333","25","3","2","0","0"
"38017699","Jeremy Sochan","104.33","203.20","F","1994","14","5","4","2","0"
"38017730","Dominick Barlow","97.52","205.74","F","1693","0","0","0","0","0"
"17895854","Charles Bassey","104.33","208.28","G","3904","0","3","0","0","0"
"38017692","Malaki Branham","81.65","193.04","F","1088","9","2","4","0","0"
"38017649","Julian Champagnie","98.43","200.66","F","2792","0","0","0","0","0"
"180","Devonte' Graham","88.45","185.42","G","1225","0","0","0","0","0"
"3547274","Tre Jones","83.91","185.42","G","3660","6","6","8","3","0"
"17896059","Sandro Mamukelashvili","108.86","205.74","F","1590","0","0","0","0","0"
"305","Doug McDermott","102.06","198.12","F","3505","8","0","0","0","0"
"359","Cedi Osman","104.33","200.66","F","1347","14","2","1","0","0"
"38017693","Blake Wesley","83.91","190.50","G","3966","0","0","0","0","0"
"56677865","Charles Bediako","0.00","0.00","C","2211","0","0","0","0","0"
"56677817","Sidy Cissoko","90.72","198.12","G","2729","0","0","0","0","0"
"56677870","Sir'Jabari Rice","0.00","0.00","G","3764","0","0","0","0","0"
"66","Dillon Brooks","102.06","198.12","G-F","2602","17","2","2","1","0"
"38017684","Jabari Smith Jr.","99.79","210.82","F","1434","13","9","0","1","0"
"17896062","Alperen Sengun","110.22","210.82","F-C","4673","25","14","7","2","1"
"17895966","Jalen Green","84.37","193.04","G","3520","22","5","4","0","0"
"458","Fred VanVleet","89.36","182.88","G","3363","24","8","12","0","0"
"75","Reggie Bullock","92.99","198.12","G-F","1196","0","3","0","0","0"
"188","Jeff Green","106.59","203.20","F","1607","10","1","1","0","0"
"213","Aaron Holiday","83.91","182.88","G","1808","0","0","0","0","0"
"296","Boban Marjanovic","131.54","223.52","C","3728","4","0","1","0","0"
"56677809","Jermaine Samuels Jr.","104.33","198.12","F","3175","0","0","0","0","0"
"3547301","Jae'Sean Tate","104.33","193.04","F","3995","3","0","0","3","0"
"56677825","Amen Thompson","90.72","200.66","G-F","2504","4","1","3","0","1"
"56677831","Cam Whitmore","104.33","200.66","F","1911","0","0","0","0","0"
"47738533","Jeenathan Williams","92.99","195.58","G","3445","0","0","0","0","0"
"38017695","Tari Eason","97.52","203.20","F","3891","0","0","0","0","0"
"3547281","Nate Hinton","95.25","195.58","G-F","3312","0","0","0","0","0"
"19465326","Jock Landale","115.67","210.82","C","2899","0","0","0","0","0"
"357","Victor Oladipo","96.62","190.50","G","1987","0","0","0","0","0"
"125","DeMar DeRozan","99.79","198.12","G","4827","33","4","3","4","1"
"3547248","Patrick Williams","97.52","200.66","F","3378","3","3","1","2","0"
"460","Nikola Vucevic","117.93","208.28","C","3721","11","12","1","0","1"
"268","Zach LaVine","90.72","195.58","G","3931","8","5","1","0","0"
"666956","Coby White","88.45","195.58","G","2098","17","6","8","1","0"
"87","Jevon Carter","90.72","185.42","G","2814","0","1","2","0","0"
"89","Alex Caruso","84.37","195.58","G","3411","13","13","2","2","1"
"110","Torrey Craig","100.24","195.58","F","1062","7","5","0","1","1"
"17895983","Ayo Dosunmu","90.72","195.58","G","1268","4","1","0","0","0"
"137","Andre Drummond","126.55","210.82","C","2623","8","2","0","0","0"
"56677857","Julian Phillips","89.81","203.20","F","3124","0","0","0","0","0"
"17896116","Terry Taylor","104.33","193.04","G","1747","0","0","0","0","0"
"38017719","Dalen Terry","88.45","200.66","F","3763","0","0","0","0","0"
"27","Lonzo Ball","86.18","198.12","G","1169","0","0","0","0","0"
"56677874","Onuralp Bitim","97.52","198.12","F","3260","0","0","0","0","0"
"45969255","Justin Lewis","111.13","200.66","F","2452","0","0","0","0","0"
"56677860","Adama Sanogo","111.13","205.74","F","2264","0","0","0","0","0"
"17896055","Scottie Barnes","107.50","200.66","G-F","3871","22","10","10","0","2"
"416","Pascal Siakam","111.13","203.20","F","2329","18","8","2","0","0"
"373","Jakob Poeltl","117.93","213.36","C","1469","8","6","0","0","0"
"18","OG Anunoby","108.86","200.66","F","2750","11","3","0","2","0"
"409","Dennis Schroder","79.38","185.42","G","2847","10","2","10","0","0"
"3547249","Precious Achiuwa","110.22","203.20","F","1907","8","9","1","0","0"
"58","Chris Boucher","90.72","205.74","F","1426","10","6","0","0","0"
"56677828","Gradey Dick","90.72","198.12","G","1877","0","1","0","0","0"
"3547275","Malachi Flynn","83.91","185.42","G","3369","0","0","0","0","0"
"666762","Jalen McDaniels","86.18","205.74","F","1939","0","3","1","1","0"
"376","Otto Porter Jr.","89.81","203.20","F","3449","0","0","0","0","0"
"436","Garrett Temple","88.45","195.58","G-F","2518","0","0","0","0","0"
"3089","Gary Trent Jr.","92.53","195.58","","1500","16","5","1","2","0"
"489","Thaddeus Young","102.06","203.20","F","1080","0","0","0","0","0"
"56677805","Javon Freeman-Liberty","86.18","190.50","G","2526","0","0","0","0","0"
"38017717","Ron Harper Jr.","111.13","195.58","F","2175","0","0","0","0","0"
"38017710","Christian Koloko","104.33","213.36","C","2937","0","0","0","0","0"
"56677869","Markquis Nowell","72.57","170.18","G","3826","0","0","0","0","0"
